{
    "window_size": 8,
    "params": {
        "n_estimators": 452,
        "max_depth": 188,
        "min_samples_split": 94,
        "min_weight_fraction_leaf": 0.005722027828856796,
        "max_features": 0.7115580559424454,
        "min_impurity_decrease": 0.27182306156777264,
        "bootstrap": true
    }
}