{
    "window_size": 10,
    "params": {
        "n_estimators": 207,
        "max_depth": 915,
        "min_samples_split": 12,
        "min_weight_fraction_leaf": 0.008910018070049108,
        "max_features": 0.5003124660184958,
        "min_impurity_decrease": 0.14140310784004578,
        "bootstrap": false
    }
}