{
    "window_size": 2,
    "params": {
        "n_estimators": 326,
        "max_depth": 727,
        "min_samples_split": 28,
        "min_weight_fraction_leaf": 0.0030294847782170267,
        "max_features": 0.3245312311934784,
        "min_impurity_decrease": 0.5949876715919872,
        "bootstrap": false
    }
}