{
    "window_size": 12,
    "params": {
        "n_estimators": 320,
        "max_depth": 99,
        "min_samples_split": 46,
        "min_weight_fraction_leaf": 0.0012538119339232808,
        "max_features": 0.9004942003659555,
        "min_impurity_decrease": 0.7964356786715576,
        "bootstrap": true
    }
}